{
  "train_loss": [
    0.262739280962944,
    0.17184393692016603,
    0.14767428624629975,
    0.1330472684621811,
    0.11897379915714264,
    0.11421505035161972,
    0.1071710120677948,
    0.10115822098255157,
    0.09445194182395936,
    0.09157542868852615,
    0.08813914192318917,
    0.08228502259254455,
    0.07958673241138459,
    0.07424444143772126,
    0.07262801803946495,
    0.06897448245882988
  ],
  "train_acc": [
    0.8904125,
    0.9321125,
    0.943125,
    0.9482875,
    0.9546625,
    0.9555625,
    0.959525,
    0.9610125,
    0.96335,
    0.964875,
    0.9668125,
    0.968475,
    0.969325,
    0.9716875,
    0.972625,
    0.974025
  ],
  "val_loss": [
    0.18661624107360839,
    0.21062580840587616,
    0.13881152610778807,
    0.12626537989377976,
    0.13637366995811462,
    0.1718120789527893,
    0.11771380293369293,
    0.1197437663078308,
    0.1058817265689373,
    0.10546007409095765,
    0.12406364877223969,
    0.10505960726737976,
    0.09229296833872795,
    0.13356553170681,
    0.10614541761875153,
    0.09992663714885712
  ],
  "val_acc": [
    0.92715,
    0.9182,
    0.946,
    0.95265,
    0.9504,
    0.9336,
    0.95665,
    0.9546,
    0.9585,
    0.9615,
    0.95495,
    0.96055,
    0.96495,
    0.95415,
    0.96245,
    0.96235
  ],
  "best_val_acc": 0.96495,
  "wall_time_s": 312.9045491218567,
  "config": {
    "input_size": 32,
    "batch_size": 256,
    "lr": 0.0003,
    "epochs": 30,
    "weight_decay": 0.0001,
    "patience": 3
  },
  "mean": [
    0.4719941020011902,
    0.46289342641830444,
    0.41781529784202576
  ],
  "std": [
    0.23757441341876984,
    0.23742365837097168,
    0.26595592498779297
  ]
}