{
  "accuracy": 0.9673,
  "precision": 0.9641438220103298,
  "recall": 0.9707,
  "f1": 0.9674108032688857,
  "auc": 0.9955658,
  "n_test": 20000
}