{
  "cnn": {
    "SD21": {
      "n_real": 500,
      "n_fake": 500,
      "accuracy": 0.56,
      "precision": 0.5352112676056338,
      "recall": 0.912,
      "f1": 0.6745562130177515,
      "auc": 0.6861200000000001
    },
    "SDXL": {
      "n_real": 500,
      "n_fake": 500,
      "accuracy": 0.537,
      "precision": 0.5206703910614525,
      "recall": 0.932,
      "f1": 0.668100358422939,
      "auc": 0.625868
    },
    "SD3": {
      "n_real": 500,
      "n_fake": 500,
      "accuracy": 0.671,
      "precision": 0.6129458388375165,
      "recall": 0.928,
      "f1": 0.7382657120127287,
      "auc": 0.798624
    },
    "DALLE3": {
      "n_real": 500,
      "n_fake": 500,
      "accuracy": 0.428,
      "precision": 0.46,
      "recall": 0.828,
      "f1": 0.5914285714285714,
      "auc": 0.456998
    },
    "Midjourney": {
      "n_real": 500,
      "n_fake": 500,
      "accuracy": 0.449,
      "precision": 0.47157190635451507,
      "recall": 0.846,
      "f1": 0.6055833929849678,
      "auc": 0.446416
    }
  },
  "resnet_scratch": {
    "SD21": {
      "n_real": 500,
      "n_fake": 500,
      "accuracy": 0.566,
      "precision": 0.5433070866141733,
      "recall": 0.828,
      "f1": 0.6561014263074485,
      "auc": 0.63445
    },
    "SDXL": {
      "n_real": 500,
      "n_fake": 500,
      "accuracy": 0.566,
      "precision": 0.5445945945945946,
      "recall": 0.806,
      "f1": 0.65,
      "auc": 0.6304959999999998
    },
    "SD3": {
      "n_real": 500,
      "n_fake": 500,
      "accuracy": 0.614,
      "precision": 0.5805084745762712,
      "recall": 0.822,
      "f1": 0.6804635761589404,
      "auc": 0.6748339999999999
    },
    "DALLE3": {
      "n_real": 500,
      "n_fake": 500,
      "accuracy": 0.464,
      "precision": 0.4782608695652174,
      "recall": 0.792,
      "f1": 0.5963855421686747,
      "auc": 0.48730799999999996
    },
    "Midjourney": {
      "n_real": 500,
      "n_fake": 500,
      "accuracy": 0.467,
      "precision": 0.47980416156670747,
      "recall": 0.784,
      "f1": 0.595292331055429,
      "auc": 0.5378499999999999
    }
  }
}