{
  "mean": [
    0.4719941020011902,
    0.46289342641830444,
    0.41781529784202576
  ],
  "std": [
    0.23757441341876984,
    0.23742365837097168,
    0.26595592498779297
  ]
}