{
  "cnn": {
    "SD21": {
      "n_real": 500,
      "n_fake": 500,
      "accuracy": 0.56,
      "precision": 0.5352112676056338,
      "recall": 0.912,
      "f1": 0.6745562130177515,
      "auc": 0.6861200000000001
    },
    "SDXL": {
      "n_real": 500,
      "n_fake": 500,
      "accuracy": 0.537,
      "precision": 0.5206703910614525,
      "recall": 0.932,
      "f1": 0.668100358422939,
      "auc": 0.625868
    },
    "SD3": {
      "n_real": 500,
      "n_fake": 500,
      "accuracy": 0.671,
      "precision": 0.6129458388375165,
      "recall": 0.928,
      "f1": 0.7382657120127287,
      "auc": 0.798624
    },
    "DALLE3": {
      "n_real": 500,
      "n_fake": 500,
      "accuracy": 0.428,
      "precision": 0.46,
      "recall": 0.828,
      "f1": 0.5914285714285714,
      "auc": 0.456998
    },
    "Midjourney": {
      "n_real": 500,
      "n_fake": 500,
      "accuracy": 0.449,
      "precision": 0.47157190635451507,
      "recall": 0.846,
      "f1": 0.6055833929849678,
      "auc": 0.446416
    }
  },
  "resnet_scratch": {
    "SD21": {
      "n_real": 500,
      "n_fake": 500,
      "accuracy": 0.579,
      "precision": 0.5469678953626635,
      "recall": 0.92,
      "f1": 0.686055182699478,
      "auc": 0.6844399999999999
    },
    "SDXL": {
      "n_real": 500,
      "n_fake": 500,
      "accuracy": 0.541,
      "precision": 0.5236994219653179,
      "recall": 0.906,
      "f1": 0.6637362637362637,
      "auc": 0.649404
    },
    "SD3": {
      "n_real": 500,
      "n_fake": 500,
      "accuracy": 0.619,
      "precision": 0.576379974326059,
      "recall": 0.898,
      "f1": 0.7021110242376857,
      "auc": 0.74664
    },
    "DALLE3": {
      "n_real": 500,
      "n_fake": 500,
      "accuracy": 0.454,
      "precision": 0.4736238532110092,
      "recall": 0.826,
      "f1": 0.6020408163265306,
      "auc": 0.43474
    },
    "Midjourney": {
      "n_real": 500,
      "n_fake": 500,
      "accuracy": 0.442,
      "precision": 0.4664351851851852,
      "recall": 0.806,
      "f1": 0.5909090909090909,
      "auc": 0.432398
    }
  }
}