{
  "train_loss": [
    0.26175216250419614,
    0.17041491103172302,
    0.1368617866396904,
    0.11699627496600151,
    0.12210042030811309,
    0.11086504734754563,
    0.0999821495294571,
    0.09442116287946702,
    0.08802326666116715,
    0.08052398503422738,
    0.07501791239380837,
    0.07101466253399849,
    0.06592252867817879,
    0.06246477493047714,
    0.05784608799815178,
    0.052311365336179735,
    0.049143506520986556,
    0.04760003914684057
  ],
  "train_acc": [
    0.8907375,
    0.9332875,
    0.9474875,
    0.9553125,
    0.9534125,
    0.957175,
    0.9616625,
    0.9638,
    0.9664,
    0.9690625,
    0.971325,
    0.9728125,
    0.9752625,
    0.9759875,
    0.978275,
    0.979875,
    0.98135,
    0.9823375
  ],
  "val_loss": [
    0.2047105980873108,
    0.23155901236534118,
    0.17023327174186706,
    0.20713793840408326,
    0.11765437490940094,
    0.12424902060031891,
    0.12918502620458602,
    0.1137159170627594,
    0.11163626651763917,
    0.1012061188697815,
    0.09925193368196487,
    0.09718730659484863,
    0.10937361282706261,
    0.10569104806184769,
    0.09429296110868454,
    0.1909193278312683,
    0.09878394185304641,
    0.101046309787035
  ],
  "val_acc": [
    0.9186,
    0.91385,
    0.9337,
    0.9247,
    0.9562,
    0.9546,
    0.95255,
    0.95685,
    0.9612,
    0.9624,
    0.96345,
    0.9648,
    0.96335,
    0.96235,
    0.96905,
    0.9423,
    0.9672,
    0.96545
  ],
  "best_val_acc": 0.96905,
  "wall_time_s": 377.11146116256714,
  "config": {
    "input_size": 32,
    "batch_size": 256,
    "lr": 0.0003,
    "epochs": 30,
    "weight_decay": 1e-06,
    "patience": 3
  },
  "mean": [
    0.4719941020011902,
    0.46289342641830444,
    0.41781529784202576
  ],
  "std": [
    0.23757441341876984,
    0.23742365837097168,
    0.26595592498779297
  ],
  "normalize": true
}