{
  "accuracy": 0.9674,
  "precision": 0.9683366733466934,
  "recall": 0.9664,
  "f1": 0.9673673673673674,
  "auc": 0.9953640650000001,
  "n_test": 20000
}