{
  "train_loss": [
    0.3153611969470978,
    0.21457083024978638,
    0.19155578389167785,
    0.17501439740657806,
    0.162626686501503,
    0.1529424142599106,
    0.14677764468193055,
    0.14271907379627227,
    0.1374227921962738,
    0.13295315023064613,
    0.12797887973785402,
    0.12560990478992462,
    0.12231801868677139,
    0.11702678691148757,
    0.11514153556823731,
    0.11293227157592774,
    0.11052037546634674,
    0.10530366011857986,
    0.10396860196590424,
    0.10389360308647155,
    0.09844306680560112,
    0.0974093669295311,
    0.0956320387005806,
    0.09408606561422347
  ],
  "train_acc": [
    0.8687,
    0.9171375,
    0.926875,
    0.9338,
    0.9385375,
    0.94295,
    0.9446,
    0.94585,
    0.948425,
    0.9493875,
    0.952275,
    0.9530125,
    0.95345,
    0.9560625,
    0.95655,
    0.9572875,
    0.9583375,
    0.96065,
    0.96125,
    0.9609375,
    0.9633375,
    0.9628125,
    0.96425,
    0.9646875
  ],
  "val_loss": [
    0.25345920932292937,
    0.19641071746349334,
    0.16032417697906495,
    0.1530336325645447,
    0.14998880655765534,
    0.14425534473657609,
    0.15050126605033876,
    0.13347996728420258,
    0.12273998227119445,
    0.12370387381315232,
    0.13139120166301727,
    0.11855268187522888,
    0.12168924260139466,
    0.14663226926326753,
    0.11984226040840149,
    0.12117247202396393,
    0.11806210355758667,
    0.14041795716285704,
    0.2344254093170166,
    0.11115189888477325,
    0.10986697404384613,
    0.17016348385810853,
    0.12545451548099518,
    0.11371590523719788
  ],
  "val_acc": [
    0.89715,
    0.92245,
    0.93645,
    0.9406,
    0.93995,
    0.9433,
    0.9418,
    0.94845,
    0.95165,
    0.95275,
    0.9488,
    0.9533,
    0.95385,
    0.9457,
    0.9548,
    0.95305,
    0.9564,
    0.9492,
    0.91155,
    0.9578,
    0.96005,
    0.93295,
    0.9567,
    0.9568
  ],
  "best_val_acc": 0.96005,
  "wall_time_s": 94.46779346466064,
  "config": {
    "input_size": 32,
    "batch_size": 256,
    "lr": 0.001,
    "epochs": 30,
    "weight_decay": 0.0001,
    "patience": 3
  },
  "mean": [
    0.4719941020011902,
    0.46289342641830444,
    0.41781529784202576
  ],
  "std": [
    0.23757441341876984,
    0.23742365837097168,
    0.26595592498779297
  ]
}