{
  "accuracy": 0.96175,
  "precision": 0.9522969928494466,
  "recall": 0.9722,
  "f1": 0.9621455787025582,
  "auc": 0.9939885299999999,
  "n_test": 20000
}