{
  "train_loss": [
    0.3131039075374603,
    0.21335256032943725,
    0.18728581454753876,
    0.17317872676849366,
    0.16260894603729248,
    0.15265531733036042
  ],
  "train_acc": [
    0.869825,
    0.9170125,
    0.9270375,
    0.9339375,
    0.9382125,
    0.9415
  ],
  "val_loss": [
    0.29370711693763735,
    0.21431116087436677,
    0.1974338611602783,
    0.30285149579048154,
    0.2149107021331787,
    0.4070025323867798
  ],
  "val_acc": [
    0.8851,
    0.91685,
    0.9217,
    0.86945,
    0.91895,
    0.86535
  ],
  "best_val_acc": 0.9217,
  "wall_time_s": 26.294559001922607,
  "config": {
    "input_size": 32,
    "batch_size": 256,
    "lr": 0.001,
    "epochs": 15,
    "weight_decay": 0.0001,
    "patience": 3
  },
  "mean": null,
  "std": null,
  "normalize": false
}