{
  "accuracy": 0.9258,
  "precision": 0.8941862618033698,
  "recall": 0.9659,
  "f1": 0.9286607057013748,
  "auc": 0.9826636149999998,
  "n_test": 20000
}