{
  "train_loss": [
    0.26160306696891783,
    0.1736593535423279,
    0.14832572684288026,
    0.13215752737522124,
    0.1214967794418335,
    0.1155099851846695,
    0.10806016335487366,
    0.10026526389122009,
    0.09626201763153076,
    0.09237137283086777,
    0.08677434461116791,
    0.08217825165987015,
    0.0800613530755043,
    0.0741614965558052,
    0.07255936227440835,
    0.06760874536037445,
    0.06634192860722542
  ],
  "train_acc": [
    0.890775,
    0.932775,
    0.9428875,
    0.948525,
    0.9529875,
    0.954825,
    0.95875,
    0.9612,
    0.9633,
    0.9646125,
    0.9675,
    0.968075,
    0.9687125,
    0.9718,
    0.9723,
    0.9738875,
    0.9748875
  ],
  "val_loss": [
    0.2108176831483841,
    0.1811061418771744,
    0.1355379703640938,
    0.1471111974477768,
    0.14238401181697846,
    0.17015883359909056,
    0.1134897353887558,
    0.11820710706710816,
    0.12108979408740997,
    0.10595352598428726,
    0.10734182996749878,
    0.10332645089626312,
    0.09436178094744682,
    0.09835520660281181,
    0.11075332930088043,
    0.11944412649273872,
    0.10523333240151406
  ],
  "val_acc": [
    0.9177,
    0.92885,
    0.94685,
    0.94335,
    0.94795,
    0.9335,
    0.9587,
    0.9558,
    0.9543,
    0.9597,
    0.96005,
    0.96095,
    0.96355,
    0.96395,
    0.96085,
    0.96075,
    0.9608
  ],
  "best_val_acc": 0.96395,
  "wall_time_s": 351.19328117370605,
  "config": {
    "input_size": 32,
    "batch_size": 256,
    "lr": 0.0003,
    "epochs": 30,
    "weight_decay": 0.0001,
    "patience": 3
  },
  "mean": null,
  "std": null,
  "normalize": false
}