{
  "accuracy": 0.9654,
  "precision": 0.9709572960939081,
  "recall": 0.9595,
  "f1": 0.9651946484257117,
  "auc": 0.994847965,
  "n_test": 20000
}