{
  "train_loss": [
    0.26253343167304993,
    0.17311959499120713,
    0.14629231746196747,
    0.13071070420742034,
    0.1171701051235199,
    0.11068965981006622,
    0.10168205000162124,
    0.09418164355158806,
    0.08756286643743515,
    0.08185007594823837,
    0.0767364185512066,
    0.07182183359265328,
    0.06716600670814514,
    0.060424851804971695,
    0.05645535010695457
  ],
  "train_acc": [
    0.8899875,
    0.9327125,
    0.9430625,
    0.9492625,
    0.9555875,
    0.95735,
    0.96145,
    0.9633625,
    0.9666,
    0.969025,
    0.9706,
    0.9719875,
    0.9742125,
    0.9767875,
    0.9787125
  ],
  "val_loss": [
    0.1878960040807724,
    0.1924167513847351,
    0.13473708245754243,
    0.12859236705303193,
    0.12189644989967346,
    0.1533730806350708,
    0.11448358545303344,
    0.10940751841068268,
    0.11117919956445695,
    0.10932774333953857,
    0.10798969076871871,
    0.10671643488407136,
    0.09894004254341125,
    0.1405582111120224,
    0.12400245205760002
  ],
  "val_acc": [
    0.92515,
    0.92445,
    0.9466,
    0.95225,
    0.954,
    0.94175,
    0.9585,
    0.95885,
    0.95645,
    0.95905,
    0.95995,
    0.9588,
    0.96525,
    0.9544,
    0.95905
  ],
  "best_val_acc": 0.96525,
  "wall_time_s": 312.41599583625793,
  "config": {
    "input_size": 32,
    "batch_size": 256,
    "lr": 0.0003,
    "epochs": 15,
    "weight_decay": 1e-06,
    "patience": 3
  },
  "mean": null,
  "std": null,
  "normalize": false
}