{
  "accuracy": 0.9661,
  "precision": 0.9704279370205894,
  "recall": 0.9615,
  "f1": 0.9659433393610609,
  "auc": 0.99516532,
  "n_test": 20000
}